{"display":"MIRAI.673227.001","product":"mirai","device":"mirai","board":"mirai","model":"mirai","finger_print":"mamoe/mirai/mirai:10/MIRAI.200122.001/3141153:user/release-keys","boot_id":"ee41a6d8-21df-c939-7ade-bcc0cade48b3","proc_version":"Linux version 3.0.31-XFGhnNL4 (android-build@xxx.xxx.xxx.xxx.com)","protocol":2,"imei":"575577014186590","brand":"mamoe","bootloader":"unknown","base_band":"","version":{"incremental":"5891938","release":"10","codename":"REL","sdk":29},"sim_info":"T-Mobile","os_type":"android","mac_address":"00:50:56:C0:00:08","ip_address":[10,0,1,3],"wifi_bssid":"00:50:56:C0:00:08","wifi_ssid":"\u003cunknown ssid\u003e","imsi_md5":"8eeca98064d2a99cba7661303b6f6e41","android_id":"ee20a1e8527f10d3","apn":"wifi","vendor_name":"MIUI","vendor_os_name":"mirai"}